-- Tabla: ROL

INSERT INTO dbo.ROL VALUES(1,'Administrador');
INSERT INTO dbo.ROL VALUES(2,'Vendedor');
INSERT INTO dbo.ROL VALUES(3,'Cajera');
GO

-- Tabla: CARGO

INSERT INTO dbo.CARGO VALUES(1,'Administrador');
INSERT INTO dbo.CARGO VALUES(2,'Empleado');
INSERT INTO dbo.CARGO VALUES(3,'Conductor');
INSERT INTO dbo.CARGO VALUES(4,'Terramosa');
GO

-- Tabla: EMPLEADO

SET IDENTITY_INSERT empleado ON;  

INSERT INTO dbo.EMPLEADO(idempleado,nombre,apellido,distrito,correo,telefono,activo,idcargo)
VALUES(1,'Pedro','Castro','Los Olivos','pcastro@algo.com','985234678',1,1);

INSERT INTO dbo.EMPLEADO(idempleado,nombre,apellido,distrito,correo,telefono,activo,idcargo)
VALUES(2,'Alex','Foster','Independencia','afoster@algo.com','986148577',1,2);

INSERT INTO dbo.EMPLEADO(idempleado,nombre,apellido,distrito,correo,telefono,activo,idcargo)
VALUES(3, 'Damian', 'Zuniga', 'San Martin de Porres','dzuniga@cmail.com','958998412',0,3);

INSERT INTO dbo.EMPLEADO(idempleado,nombre,apellido,distrito,correo,telefono,activo,idcargo)
VALUES(4,'Jose','Martinez','Los Olivos','jmartinez@algo.com','945986421',1,4);

INSERT INTO dbo.EMPLEADO(idempleado,nombre,apellido,distrito,correo,telefono,activo,idcargo)
VALUES(5,'Mariana','Chávez','Rimac','marianach@gmail.com','952780294',1,2);

GO

SET IDENTITY_INSERT empleado OFF;  

SELECT * FROM EMPLEADO;
GO

-- Tabla: USUARIO

INSERT INTO dbo.USUARIO(idempleado,usuario,clave,idrol,activo) VALUES(1,'pcastro','cazador',1,1);
INSERT INTO dbo.USUARIO(idempleado,usuario,clave,idrol,activo) VALUES(2,'afoster','waste',2,1);
INSERT INTO dbo.USUARIO(idempleado,usuario,clave,idrol,activo) VALUES(3,'dzuniga', 'mochila123',3,0);
INSERT INTO dbo.USUARIO(idempleado,usuario,clave,idrol,activo) VALUES(4,'jmartinez','123456',3,1);
INSERT INTO dbo.USUARIO(idempleado,usuario,clave,idrol,activo) VALUES(5,'mchavez', 'dist2004',3,1);
GO


-- TABLA: CLIENTES

INSERT INTO CLIENTE(IDCLIENTE,NOMBRE,APELLIDO,DNI,DISTRITO,CORREO,TELEFONO)
VALUES(1,'VALERY','ARROYO','54671234','LOS OLIVOS','varroyo@gmail.com','984523762');

INSERT INTO CLIENTE(IDCLIENTE,NOMBRE,APELLIDO,DNI,DISTRITO,CORREO,TELEFONO)VALUES(2,'JESUS','CIEZA','12345678','EL AGUSTINO','jesuscieza001@gmail.com','947234192');

INSERT INTO CLIENTE(IDCLIENTE,NOMBRE,APELLIDO,DNI,DISTRITO,CORREO,TELEFONO)VALUES(3,'JOSE','CARRANZA','54875234','LA VICTORIA','jocarranza@gmail.com','952638997');

INSERT INTO CLIENTE(IDCLIENTE,NOMBRE,APELLIDO,DNI,DISTRITO,CORREO,TELEFONO)VALUES(4,'DIANA','ESPEJO','34928352','COMAS','dia_espejo@gmail.com','928174018');

INSERT INTO CLIENTE(IDCLIENTE,NOMBRE,APELLIDO,DNI,DISTRITO,CORREO,TELEFONO)VALUES(5,'XIOMARA','GONZALES','78909876','INDEPENDENCIA','xiomi02@gmail.com','987678653');INSERT INTO CLIENTE(IDCLIENTE,NOMBRE,APELLIDO,DNI,DISTRITO,CORREO,TELEFONO)VALUES(6,'JOSE','ALDAÑA','78765434','MIRAFLORES','joseal@gmail.com','980876785');

INSERT INTO CLIENTE(IDCLIENTE, NOMBRE,APELLIDO,DNI,DISTRITO,CORREO,TELEFONO)VALUES(7,'JHONATAN','LLACSA','75607571','LA VICTORIA','jhonatanllcsa@gmail.com','940159681');

INSERT INTO CLIENTE(IDCLIENTE,NOMBRE,APELLIDO,DNI,DISTRITO,CORREO,TELEFONO)VALUES(8,'ANAXIMANDRO','PORTALES','59963224','INDEPENDENCIA','jocarranza2@gmail.com','976253489');

INSERT INTO CLIENTE(IDCLIENTE,NOMBRE,APELLIDO,DNI,DISTRITO,CORREO,TELEFONO)VALUES(9,'CARLOS','PEREDA','70483073','COMAS','CARLOS27@gmail.com','921405873');

INSERT INTO CLIENTE(IDCLIENTE,NOMBRE,APELLIDO,DNI,DISTRITO,CORREO,TELEFONO)VALUES(10,'Farith','Taipe','54428936','Comas','taipe@gmail.com','947161952');

INSERT INTO CLIENTE(IDCLIENTE,NOMBRE,APELLIDO,DNI,DISTRITO,CORREO,TELEFONO)VALUES(11,'RAQUEL','ZURITA','82736128','SAN BORJA','raquelz@gmail.com','923717242');

INSERT INTO CLIENTE(IDCLIENTE,NOMBRE,APELLIDO,DNI,DISTRITO,CORREO,TELEFONO)VALUES(12,'RUBEN','ALVES','70385943','SAN MARTIN','CHIBOLIN10@gmail.com','945347899');

GO

-- TABLA: CIUDAD

INSERT INTO CIUDAD VALUES(1,'LIMA','LOS OLIVOS','PEDRO VARGAS');
INSERT INTO CIUDAD VALUES(2,'CHICLAYO','AV. BALTA','DELIA TORRES');
INSERT INTO CIUDAD VALUES(3,'TRUJILLO','AV. ABC','CARLOS AGUINAGA');
INSERT INTO CIUDAD VALUES(4,'PIURA','AV. XYZ','ITALO FERNANDEZ');
INSERT INTO CIUDAD VALUES(5,'TUMBES','AV. PQR','ALEJANRA SALES');
INSERT INTO CIUDAD VALUES(6,'AREQUIPA','AV. ALFA','ELIANA RUIZ');
INSERT INTO CIUDAD VALUES(7,'TACNA','AV. BETA','JOSE DURAND');
INSERT INTO CIUDAD VALUES(8,'CUZCO','AV. DELTA','MIGUEL MENDOZA');
GO

-- TABLA: BUS



-- TABLA: CONTADOR

INSERT INTO CONTADOR(IDCONTADOR,TABLA,ULTIMO) VALUES(1,'CLIENTE',0);
INSERT INTO CONTADOR(IDCONTADOR,TABLA,ULTIMO) VALUES(2,'CIUDAD',0);
INSERT INTO CONTADOR(IDCONTADOR,TABLA,ULTIMO) VALUES(3,'RUTA',0);
GO


SELECT * FROM CONTADOR;

-- ACTUALIZAR CONTADORES

UPDATE CONTADOR 
SET ULTIMO = (SELECT MAX(IDCLIENTE) FROM CLIENTE)
WHERE IDCONTADOR=1;
GO

UPDATE CONTADOR 
SET ULTIMO = (SELECT MAX(IDCIUDAD) FROM CIUDAD)
WHERE IDCONTADOR=2;
GO